./benchmark_tests/original/Bloem/add2n.dqdimacs,1,30
./benchmark_tests/original/Bloem/add2n.dqdimacs,2,31
./benchmark_tests/original/Bloem/add2n.dqdimacs,11,32
./benchmark_tests/original/Bloem/add2n.dqdimacs,12,31
./benchmark_tests/original/Bloem/add2y.dqdimacs,1,30
./benchmark_tests/original/Bloem/add2y.dqdimacs,2,31
./benchmark_tests/original/Bloem/add2y.dqdimacs,11,32
./benchmark_tests/original/Bloem/add2y.dqdimacs,12,31
./benchmark_tests/original/Bloem/add4n.dqdimacs,1,33
./benchmark_tests/original/Bloem/add4n.dqdimacs,2,32
./benchmark_tests/original/Bloem/add4n.dqdimacs,3,32
./benchmark_tests/original/Bloem/add4n.dqdimacs,4,32
./benchmark_tests/original/Bloem/add4n.dqdimacs,17,32
./benchmark_tests/original/Bloem/add4n.dqdimacs,18,32
./benchmark_tests/original/Bloem/add4y.dqdimacs,1,33
./benchmark_tests/original/Bloem/add4y.dqdimacs,2,32
./benchmark_tests/original/Bloem/add4y.dqdimacs,3,31
./benchmark_tests/original/Bloem/add4y.dqdimacs,4,31
./benchmark_tests/original/Bloem/add4y.dqdimacs,17,31
./benchmark_tests/original/Bloem/add4y.dqdimacs,18,30
./benchmark_tests/original/Bloem/add6n.dqdimacs,1,21
./benchmark_tests/original/Bloem/add6n.dqdimacs,2,22
./benchmark_tests/original/Bloem/add6n.dqdimacs,3,22
./benchmark_tests/original/Bloem/add6n.dqdimacs,4,22
./benchmark_tests/original/Bloem/add6n.dqdimacs,5,22
./benchmark_tests/original/Bloem/add6n.dqdimacs,6,22
./benchmark_tests/original/Bloem/add6n.dqdimacs,23,22
./benchmark_tests/original/Bloem/add6n.dqdimacs,24,22
./benchmark_tests/original/Bloem/add6y.dqdimacs,1,23
./benchmark_tests/original/Bloem/add6y.dqdimacs,2,22
./benchmark_tests/original/Bloem/add6y.dqdimacs,3,22
./benchmark_tests/original/Bloem/add6y.dqdimacs,4,22
./benchmark_tests/original/Bloem/add6y.dqdimacs,5,22
./benchmark_tests/original/Bloem/add6y.dqdimacs,6,22
./benchmark_tests/original/Bloem/add6y.dqdimacs,23,22
./benchmark_tests/original/Bloem/add6y.dqdimacs,24,22
./benchmark_tests/original/Bloem/add8n.dqdimacs,1,27
./benchmark_tests/original/Bloem/add8n.dqdimacs,2,16
./benchmark_tests/original/Bloem/add8n.dqdimacs,3,16
./benchmark_tests/original/Bloem/add8n.dqdimacs,4,16
./benchmark_tests/original/Bloem/add8n.dqdimacs,5,16
./benchmark_tests/original/Bloem/add8n.dqdimacs,6,16
./benchmark_tests/original/Bloem/add8n.dqdimacs,7,16
./benchmark_tests/original/Bloem/add8n.dqdimacs,8,16
./benchmark_tests/original/Bloem/add8n.dqdimacs,29,16
./benchmark_tests/original/Bloem/add8n.dqdimacs,30,16
./benchmark_tests/original/Bloem/add8y.dqdimacs,1,27
./benchmark_tests/original/Bloem/add8y.dqdimacs,2,16
./benchmark_tests/original/Bloem/add8y.dqdimacs,3,16
./benchmark_tests/original/Bloem/add8y.dqdimacs,4,16
./benchmark_tests/original/Bloem/add8y.dqdimacs,5,16
./benchmark_tests/original/Bloem/add8y.dqdimacs,6,16
./benchmark_tests/original/Bloem/add8y.dqdimacs,7,16
./benchmark_tests/original/Bloem/add8y.dqdimacs,8,16
./benchmark_tests/original/Bloem/add8y.dqdimacs,29,16
./benchmark_tests/original/Bloem/add8y.dqdimacs,30,16
